EID,Service_ID
E001,S001
E001,S002
E001,S011
E001,S026
E002,S003
E002,S004
E002,S005
E002,S006
E002,S007
E002,S008
E002,S009
E002,S010
E002,S011
E002,S015
E002,S022
E002,S023
E002,S024
E002,S025
E002,S027
E003,S001
E003,S002
E003,S012
E003,S020
E003,S026
E004,S001
E004,S002
E004,S012
E004,S020
E004,S026
E005,S003
E005,S004
E005,S005
E005,S006
E005,S007
E005,S008
E005,S009
E005,S010
E005,S011
E005,S015
E005,S022
E005,S023
E005,S024
E005,S025
E005,S027
E006,S003
E006,S004
E006,S005
E006,S006
E006,S007
E006,S008
E006,S009
E006,S010
E006,S011
E006,S015
E006,S022
E006,S023
E006,S024
E006,S025
E006,S027
E007,S003
E007,S004
E007,S005
E007,S006
E007,S007
E007,S008
E007,S009
E007,S010
E007,S011
E007,S015
E007,S022
E007,S023
E007,S024
E007,S025
E007,S027
E008,S001
E008,S002
E008,S023
E008,S026
E009,S003
E009,S004
E009,S005
E009,S006
E009,S007
E009,S008
E009,S009
E009,S010
E009,S011
E009,S015
E009,S022
E009,S023
E009,S024
E009,S025
E009,S027
E010,S003
E010,S004
E010,S005
E010,S006
E010,S007
E010,S008
E010,S009
E010,S010
E010,S011
E010,S015
E010,S022
E010,S023
E010,S024
E010,S025
E010,S027
E011,S003
E011,S004
E011,S005
E011,S006
E011,S007
E011,S008
E011,S009
E011,S010
E011,S011
E011,S015
E011,S022
E011,S023
E011,S024
E011,S025
E011,S027
E014,S003
E014,S004
E014,S005
E014,S006
E014,S007
E014,S008
E014,S009
E014,S010
E014,S011
E014,S015
E014,S022
E014,S023
E014,S024
E014,S025
E014,S027
E015,S003
E015,S004
E015,S005
E015,S006
E015,S007
E015,S008
E015,S009
E015,S010
E015,S011
E015,S015
E015,S022
E015,S023
E015,S024
E015,S025
E015,S027
E017,S003
E017,S004
E017,S005
E017,S006
E017,S007
E017,S008
E017,S009
E017,S010
E017,S011
E017,S015
E017,S022
E017,S023
E017,S024
E017,S025
E017,S027
E018,S003
E018,S004
E018,S005
E018,S006
E018,S007
E018,S008
E018,S009
E018,S010
E018,S011
E018,S015
E018,S022
E018,S023
E018,S024
E018,S025
E018,S027
E020,S003
E020,S004
E020,S005
E020,S006
E020,S007
E020,S008
E020,S009
E020,S010
E020,S011
E020,S015
E020,S022
E020,S023
E020,S024
E020,S025
E020,S027
E012,S001
E012,S002
E012,S012
E012,S013
E012,S014
E012,S026
E012,S027
E013,S001
E013,S002
E013,S012
E013,S013
E013,S014
E013,S026
E013,S027
E016,S001
E016,S002
E016,S011
E016,S016
E016,S026
E016,S027
E019,S001
E019,S002
E019,S011
E019,S016
E019,S026
E019,S027